Year,Month,Anomaly
1850,1,11.554
1850,2,12.298
1850,3,12.747
1850,4,13.441
1850,5,14.396
1850,6,15.385
1850,7,15.833
1850,8,15.672
1850,9,14.815
1850,10,13.717
1850,11,12.726
1850,12,12.088
1851,1,12.146
1851,2,12.102
1851,3,12.557
1851,4,13.412
1851,5,14.69
1851,6,15.478
1851,7,15.788
1851,8,15.525
1851,9,14.85
1851,10,14.162
1851,11,12.922
1851,12,12.429
1852,1,12.064
1852,2,12
1852,3,12.359
1852,4,13.515
1852,5,14.869
1852,6,15.617
1852,7,15.965
1852,8,15.482
1852,9,14.934
1852,10,14.143
1852,11,12.76
1852,12,12.658
1853,1,11.966
1853,2,12.153
1853,3,12.72
1853,4,13.764
1853,5,14.751
1853,6,15.556
1853,7,16.037
1853,8,15.774
1853,9,14.836
1853,10,13.835
1853,11,12.647
1853,12,12.25
1854,1,11.759
1854,2,11.922
1854,3,12.84
1854,4,13.634
1854,5,14.731
1854,6,15.26
1854,7,15.819
1854,8,15.631
1854,9,14.977
1854,10,14.419
1854,11,13.059
1854,12,12.362
1855,1,12.274
1855,2,12.392
1855,3,12.847
1855,4,13.953
1855,5,14.786
1855,6,15.388
1855,7,15.623
1855,8,15.577
1855,9,14.752
1855,10,13.995
1855,11,12.906
1855,12,12.021
1856,1,12.328
1856,2,12.111
1856,3,12.701
1856,4,13.622
1856,5,14.671
1856,6,15.596
1856,7,15.748
1856,8,15.299
1856,9,14.511
1856,10,13.627
1856,11,12.727
1856,12,12.141
1857,1,11.786
1857,2,11.966
1857,3,12.485
1857,4,13.21
1857,5,14.25
1857,6,15.162
1857,7,15.486
1857,8,15.362
1857,9,14.741
1857,10,13.771
1857,11,12.797
1857,12,12.342
1858,1,12.091
1858,2,12.015
1858,3,12.804
1858,4,13.752
1858,5,14.603
1858,6,15.461
1858,7,15.677
1858,8,15.499
1858,9,14.745
1858,10,14.026
1858,11,13.116
1858,12,12.081
1859,1,11.954
1859,2,12.216
1859,3,12.882
1859,4,14.042
1859,5,15.025
1859,6,15.612
1859,7,15.684
1859,8,15.467
1859,9,14.703
1859,10,14.063
1859,11,13.116
1859,12,12.48
1860,1,11.975
1860,2,12.197
1860,3,12.432
1860,4,13.762
1860,5,14.801
1860,6,15.527
1860,7,15.735
1860,8,15.613
1860,9,14.936
1860,10,13.957
1860,11,12.766
1860,12,11.709
1861,1,11.308
1861,2,11.854
1861,3,12.541
1861,4,13.613
1861,5,14.575
1861,6,15.36
1861,7,15.677
1861,8,15.626
1861,9,14.823
1861,10,13.84
1861,11,13.083
1861,12,12.215
1862,1,11.387
1862,2,11.74
1862,3,12.573
1862,4,13.479
1862,5,14.72
1862,6,15.405
1862,7,15.65
1862,8,15.317
1862,9,14.675
1862,10,13.837
1862,11,12.737
1862,12,11.689
1863,1,12.173
1863,2,12.386
1863,3,12.773
1863,4,13.773
1863,5,14.787
1863,6,15.378
1863,7,15.622
1863,8,15.43
1863,9,14.715
1863,10,13.811
1863,11,12.919
1863,12,12.152
1864,1,11.743
1864,2,12.116
1864,3,12.737
1864,4,13.615
1864,5,14.857
1864,6,15.626
1864,7,15.81
1864,8,15.488
1864,9,14.73
1864,10,13.954
1864,11,12.903
1864,12,12.131
1865,1,12.409
1865,2,12.221
1865,3,12.699
1865,4,13.643
1865,5,14.732
1865,6,15.46
1865,7,15.82
1865,8,15.634
1865,9,15.013
1865,10,14.094
1865,11,13.133
1865,12,12.097
1866,1,12.356
1866,2,12.174
1866,3,12.686
1866,4,13.542
1866,5,14.678
1866,6,15.491
1866,7,16.125
1866,8,15.632
1866,9,14.949
1866,10,14.077
1866,11,13.256
1866,12,12.67
1867,1,12.165
1867,2,12.201
1867,3,12.845
1867,4,13.911
1867,5,14.641
1867,6,15.548
1867,7,15.837
1867,8,15.586
1867,9,15.109
1867,10,14.339
1867,11,13.555
1867,12,12.424
1868,1,11.815
1868,2,11.878
1868,3,12.827
1868,4,13.926
1868,5,14.942
1868,6,15.625
1868,7,16.075
1868,8,15.791
1868,9,14.997
1868,10,14.323
1868,11,12.979
1868,12,12.437
1869,1,12.11
1869,2,12.565
1869,3,12.611
1869,4,13.79
1869,5,14.864
1869,6,15.563
1869,7,15.79
1869,8,15.664
1869,9,15.178
1869,10,14.111
1869,11,13.116
1869,12,12.17
1870,1,12.017
1870,2,12.042
1870,3,12.791
1870,4,13.782
1870,5,14.837
1870,6,15.652
1870,7,15.926
1870,8,15.561
1870,9,15.055
1870,10,13.997
1870,11,12.959
1870,12,11.989
1871,1,11.748
1871,2,11.902
1871,3,12.85
1871,4,13.966
1871,5,14.729
1871,6,15.497
1871,7,15.835
1871,8,15.63
1871,9,14.837
1871,10,14.056
1871,11,12.743
1871,12,12.162
1872,1,11.84
1872,2,12.093
1872,3,12.753
1872,4,13.66
1872,5,14.817
1872,6,15.447
1872,7,15.87
1872,8,15.777
1872,9,15.037
1872,10,14.093
1872,11,12.85
1872,12,12.064
1873,1,11.978
1873,2,12.416
1873,3,12.835
1873,4,13.564
1873,5,14.734
1873,6,15.511
1873,7,15.822
1873,8,15.679
1873,9,14.86
1873,10,14.06
1873,11,12.941
1873,12,12.322
1874,1,12.075
1874,2,12.231
1874,3,12.475
1874,4,13.669
1874,5,14.792
1874,6,15.403
1874,7,15.734
1874,8,15.651
1874,9,15.065
1874,10,13.987
1874,11,12.861
1874,12,12.246
1875,1,11.828
1875,2,12.136
1875,3,12.658
1875,4,13.65
1875,5,14.73
1875,6,15.442
1875,7,15.774
1875,8,15.572
1875,9,14.954
1875,10,14.114
1875,11,12.713
1875,12,12.094
1876,1,11.912
1876,2,12.228
1876,3,12.819
1876,4,13.756
1876,5,14.484
1876,6,15.392
1876,7,15.835
1876,8,15.526
1876,9,14.862
1876,10,14.033
1876,11,12.799
1876,12,11.984
1877,1,12.105
1877,2,12.413
1877,3,13.168
1877,4,13.909
1877,5,14.958
1877,6,15.664
1877,7,16.133
1877,8,16.055
1877,9,15.386
1877,10,14.48
1877,11,13.49
1877,12,12.472
1878,1,12.285
1878,2,12.912
1878,3,13.682
1878,4,14.332
1878,5,14.954
1878,6,15.831
1878,7,16.109
1878,8,15.905
1878,9,15.192
1878,10,14.221
1878,11,13.317
1878,12,12.433
1879,1,12.154
1879,2,12.258
1879,3,13.049
1879,4,13.739
1879,5,14.768
1879,6,15.524
1879,7,15.773
1879,8,15.583
1879,9,14.93
1879,10,14.213
1879,11,12.981
1879,12,12.039
1880,1,11.913
1880,2,11.968
1880,3,12.802
1880,4,13.679
1880,5,14.769
1880,6,15.412
1880,7,15.733
1880,8,15.601
1880,9,14.849
1880,10,13.969
1880,11,13.084
1880,12,12.335
1881,1,12.174
1881,2,12.289
1881,3,13.033
1881,4,14.008
1881,5,14.909
1881,6,15.368
1881,7,15.846
1881,8,15.677
1881,9,14.934
1881,10,14.038
1881,11,12.88
1881,12,12.337
1882,1,12.386
1882,2,12.508
1882,3,12.985
1882,4,13.739
1882,5,14.761
1882,6,15.397
1882,7,15.649
1882,8,15.61
1882,9,15.032
1882,10,13.95
1882,11,12.838
1882,12,11.994
1883,1,11.881
1883,2,12.062
1883,3,13.023
1883,4,13.72
1883,5,14.78
1883,6,15.584
1883,7,15.727
1883,8,15.468
1883,9,14.871
1883,10,14.017
1883,11,12.791
1883,12,12.281
1884,1,12.048
1884,2,12.301
1884,3,12.614
1884,4,13.476
1884,5,14.431
1884,6,15.199
1884,7,15.445
1884,8,15.341
1884,9,14.687
1884,10,13.837
1884,11,12.675
1884,12,12.106
1885,1,11.609
1885,2,12.026
1885,3,12.758
1885,4,13.523
1885,5,14.453
1885,6,15.156
1885,7,15.653
1885,8,15.386
1885,9,14.785
1885,10,13.97
1885,11,12.884
1885,12,12.389
1886,1,11.653
1886,2,11.852
1886,3,12.575
1886,4,13.646
1886,5,14.686
1886,6,15.265
1886,7,15.712
1886,8,15.377
1886,9,14.724
1886,10,13.833
1886,11,12.722
1886,12,12.206
1887,1,11.337
1887,2,11.787
1887,3,12.628
1887,4,13.648
1887,5,14.544
1887,6,15.232
1887,7,15.649
1887,8,15.281
1887,9,14.83
1887,10,13.883
1887,11,12.874
1887,12,12.141
1888,1,11.932
1888,2,11.977
1888,3,12.665
1888,4,13.654
1888,5,14.665
1888,6,15.406
1888,7,15.754
1888,8,15.549
1888,9,14.935
1888,10,14.216
1888,11,13.122
1888,12,12.435
1889,1,12.17
1889,2,12.73
1889,3,13.157
1889,4,14.102
1889,5,14.862
1889,6,15.527
1889,7,15.842
1889,8,15.54
1889,9,14.865
1889,10,13.998
1889,11,12.786
1889,12,12.218
1890,1,11.835
1890,2,12.063
1890,3,12.548
1890,4,13.623
1890,5,14.517
1890,6,15.249
1890,7,15.559
1890,8,15.354
1890,9,14.763
1890,10,14
1890,11,12.602
1890,12,12.171
1891,1,11.8
1891,2,11.9
1891,3,12.882
1891,4,13.674
1891,5,14.748
1891,6,15.36
1891,7,15.667
1891,8,15.54
1891,9,14.966
1891,10,13.96
1891,11,12.78
1891,12,12.44
1892,1,12.01
1892,2,12.321
1892,3,12.677
1892,4,13.555
1892,5,14.618
1892,6,15.441
1892,7,15.537
1892,8,15.382
1892,9,14.83
1892,10,14.032
1892,11,12.523
1892,12,12.049
1893,1,11.388
1893,2,11.878
1893,3,12.822
1893,4,13.672
1893,5,14.623
1893,6,15.42
1893,7,15.823
1893,8,15.553
1893,9,14.878
1893,10,14.073
1893,11,12.945
1893,12,12.146
1894,1,11.748
1894,2,12.073
1894,3,12.781
1894,4,13.515
1894,5,14.619
1894,6,15.264
1894,7,15.722
1894,8,15.552
1894,9,14.89
1894,10,14.077
1894,11,12.869
1894,12,12.237
1895,1,11.835
1895,2,12.05
1895,3,12.699
1895,4,13.753
1895,5,14.687
1895,6,15.44
1895,7,15.781
1895,8,15.529
1895,9,14.898
1895,10,14.083
1895,11,13.089
1895,12,12.371
1896,1,12.074
1896,2,12.234
1896,3,12.659
1896,4,13.587
1896,5,14.734
1896,6,15.579
1896,7,15.886
1896,8,15.72
1896,9,15.048
1896,10,14.263
1896,11,13.011
1896,12,12.462
1897,1,12.123
1897,2,12.229
1897,3,12.827
1897,4,13.973
1897,5,14.996
1897,6,15.552
1897,7,15.804
1897,8,15.614
1897,9,14.982
1897,10,14.099
1897,11,12.962
1897,12,12.31
1898,1,12.13
1898,2,12.006
1898,3,12.487
1898,4,13.631
1898,5,14.583
1898,6,15.487
1898,7,15.644
1898,8,15.455
1898,9,14.829
1898,10,13.821
1898,11,12.731
1898,12,12.153
1899,1,12.085
1899,2,12.019
1899,3,12.684
1899,4,13.822
1899,5,14.8
1899,6,15.348
1899,7,15.717
1899,8,15.655
1899,9,15.115
1899,10,14.219
1899,11,13.292
1899,12,12.283
1900,1,11.88
1900,2,12.494
1900,3,13.156
1900,4,13.914
1900,5,14.937
1900,6,15.566
1900,7,15.805
1900,8,15.645
1900,9,15.091
1900,10,14.34
1900,11,13.069
1900,12,12.431
1901,1,12.014
1901,2,12.419
1901,3,13.096
1901,4,13.994
1901,5,14.84
1901,6,15.486
1901,7,15.723
1901,8,15.622
1901,9,14.943
1901,10,14.011
1901,11,12.982
1901,12,12.308
1902,1,12.012
1902,2,12.428
1902,3,12.724
1902,4,13.705
1902,5,14.622
1902,6,15.361
1902,7,15.671
1902,8,15.466
1902,9,14.849
1902,10,13.876
1902,11,12.722
1902,12,12.048
1903,1,12.036
1903,2,12.344
1903,3,12.81
1903,4,13.531
1903,5,14.541
1903,6,15.162
1903,7,15.52
1903,8,15.25
1903,9,14.605
1903,10,13.738
1903,11,12.722
1903,12,12.03
1904,1,11.635
1904,2,11.835
1904,3,12.608
1904,4,13.483
1904,5,14.457
1904,6,15.197
1904,7,15.445
1904,8,15.305
1904,9,14.613
1904,10,13.804
1904,11,12.998
1904,12,12.219
1905,1,11.95
1905,2,11.888
1905,3,12.801
1905,4,13.654
1905,5,14.708
1905,6,15.382
1905,7,15.625
1905,8,15.536
1905,9,14.879
1905,10,13.988
1905,11,13.093
1905,12,12.283
1906,1,11.952
1906,2,12.179
1906,3,12.994
1906,4,13.994
1906,5,14.721
1906,6,15.463
1906,7,15.655
1906,8,15.539
1906,9,14.89
1906,10,14.122
1906,11,12.885
1906,12,12.405
1907,1,11.884
1907,2,11.949
1907,3,12.833
1907,4,13.686
1907,5,14.492
1907,6,15.239
1907,7,15.568
1907,8,15.389
1907,9,14.821
1907,10,14.066
1907,11,12.737
1907,12,12.096
1908,1,11.878
1908,2,12.23
1908,3,12.519
1908,4,13.551
1908,5,14.711
1908,6,15.388
1908,7,15.628
1908,8,15.336
1908,9,14.861
1908,10,13.821
1908,11,12.616
1908,12,11.99
1909,1,11.524
1909,2,12.018
1909,3,12.542
1909,4,13.471
1909,5,14.489
1909,6,15.229
1909,7,15.47
1909,8,15.466
1909,9,14.748
1909,10,13.846
1909,11,12.866
1909,12,12.066
1910,1,11.911
1910,2,12.036
1910,3,12.577
1910,4,13.591
1910,5,14.654
1910,6,15.3
1910,7,15.565
1910,8,15.409
1910,9,14.793
1910,10,13.909
1910,11,12.655
1910,12,11.821
1911,1,11.62
1911,2,11.862
1911,3,12.499
1911,4,13.535
1911,5,14.477
1911,6,15.219
1911,7,15.5
1911,8,15.348
1911,9,14.735
1911,10,14.044
1911,11,12.965
1911,12,12.282
1912,1,12.068
1912,2,12.287
1912,3,12.676
1912,4,13.862
1912,5,14.76
1912,6,15.496
1912,7,15.474
1912,8,15.231
1912,9,14.563
1912,10,13.654
1912,11,12.789
1912,12,12.057
1913,1,11.762
1913,2,12.005
1913,3,12.662
1913,4,13.685
1913,5,14.595
1913,6,15.237
1913,7,15.561
1913,8,15.463
1913,9,14.81
1913,10,13.946
1913,11,12.977
1913,12,12.55
1914,1,12.292
1914,2,12.259
1914,3,12.779
1914,4,13.715
1914,5,14.795
1914,6,15.481
1914,7,15.686
1914,8,15.604
1914,9,14.96
1914,10,14.279
1914,11,13.1
1914,12,12.524
1915,1,12.06
1915,2,12.376
1915,3,13.088
1915,4,14.116
1915,5,15.018
1915,6,15.521
1915,7,15.779
1915,8,15.693
1915,9,15.01
1915,10,14.007
1915,11,13.149
1915,12,12.287
1916,1,12.114
1916,2,12.331
1916,3,12.841
1916,4,13.698
1916,5,14.673
1916,6,15.328
1916,7,15.626
1916,8,15.452
1916,9,14.825
1916,10,13.906
1916,11,12.759
1916,12,11.753
1917,1,11.625
1917,2,11.842
1917,3,12.429
1917,4,13.507
1917,5,14.423
1917,6,15.214
1917,7,15.686
1917,8,15.491
1917,9,14.852
1917,10,13.791
1917,11,12.8
1917,12,11.825
1918,1,11.772
1918,2,11.989
1918,3,12.7
1918,4,13.519
1918,5,14.531
1918,6,15.335
1918,7,15.621
1918,8,15.42
1918,9,15.009
1918,10,14.262
1918,11,13.082
1918,12,12.27
1919,1,12.097
1919,2,12.283
1919,3,12.844
1919,4,13.924
1919,5,14.775
1919,6,15.389
1919,7,15.661
1919,8,15.53
1919,9,14.87
1919,10,14.019
1919,11,12.724
1919,12,12.15
1920,1,12.128
1920,2,12.177
1920,3,13.025
1920,4,13.86
1920,5,14.769
1920,6,15.462
1920,7,15.722
1920,8,15.57
1920,9,15.016
1920,10,14.157
1920,11,13.003
1920,12,12.078
1921,1,12.181
1921,2,12.309
1921,3,12.825
1921,4,13.761
1921,5,14.708
1921,6,15.572
1921,7,15.841
1921,8,15.539
1921,9,15.06
1921,10,14.26
1921,11,13.151
1921,12,12.448
1922,1,12.017
1922,2,12.108
1922,3,12.986
1922,4,13.918
1922,5,14.649
1922,6,15.455
1922,7,15.763
1922,8,15.453
1922,9,14.858
1922,10,13.951
1922,11,13.033
1922,12,12.396
1923,1,12.008
1923,2,12.108
1923,3,12.748
1923,4,13.754
1923,5,14.724
1923,6,15.5
1923,7,15.616
1923,8,15.495
1923,9,14.883
1923,10,14.266
1923,11,13.32
1923,12,12.579
1924,1,12.044
1924,2,12.266
1924,3,13.061
1924,4,13.776
1924,5,14.861
1924,6,15.489
1924,7,15.735
1924,8,15.508
1924,9,14.896
1924,10,13.98
1924,11,13.073
1924,12,12.216
1925,1,11.884
1925,2,12.051
1925,3,12.857
1925,4,13.797
1925,5,14.844
1925,6,15.45
1925,7,15.701
1925,8,15.659
1925,9,15.016
1925,10,14.152
1925,11,13.262
1925,12,12.726
1926,1,12.528
1926,2,12.496
1926,3,13.244
1926,4,13.957
1926,5,14.815
1926,6,15.518
1926,7,15.761
1926,8,15.702
1926,9,15.117
1926,10,14.319
1926,11,13.232
1926,12,12.34
1927,1,12.054
1927,2,12.333
1927,3,12.733
1927,4,13.788
1927,5,14.836
1927,6,15.456
1927,7,15.785
1927,8,15.642
1927,9,15.109
1927,10,14.367
1927,11,13.222
1927,12,12.298
1928,1,12.405
1928,2,12.482
1928,3,12.91
1928,4,13.844
1928,5,14.717
1928,6,15.341
1928,7,15.788
1928,8,15.587
1928,9,14.964
1928,10,14.157
1928,11,13.146
1928,12,12.408
1929,1,11.885
1929,2,11.976
1929,3,12.72
1929,4,13.666
1929,5,14.585
1929,6,15.291
1929,7,15.549
1929,8,15.528
1929,9,14.964
1929,10,14.171
1929,11,13.142
1929,12,12.063
1930,1,12.076
1930,2,12.228
1930,3,13.008
1930,4,13.84
1930,5,14.8
1930,6,15.487
1930,7,15.844
1930,8,15.701
1930,9,15.101
1930,10,14.242
1930,11,13.41
1930,12,12.553
1931,1,12.198
1931,2,12.288
1931,3,13.037
1931,4,13.876
1931,5,14.822
1931,6,15.666
1931,7,15.978
1931,8,15.81
1931,9,15.181
1931,10,14.386
1931,11,13.248
1931,12,12.562
1932,1,12.407
1932,2,12.336
1932,3,13.016
1932,4,14.084
1932,5,14.949
1932,6,15.499
1932,7,15.815
1932,8,15.618
1932,9,15.219
1932,10,14.263
1932,11,12.976
1932,12,12.378
1933,1,12.05
1933,2,12.231
1933,3,12.805
1933,4,13.761
1933,5,14.712
1933,6,15.337
1933,7,15.708
1933,8,15.62
1933,9,14.88
1933,10,14.072
1933,11,12.909
1933,12,12.146
1934,1,12.04
1934,2,12.418
1934,3,12.743
1934,4,13.7
1934,5,14.865
1934,6,15.555
1934,7,15.84
1934,8,15.673
1934,9,15.043
1934,10,14.261
1934,11,13.338
1934,12,12.52
1935,1,11.932
1935,2,12.578
1935,3,12.958
1935,4,13.716
1935,5,14.675
1935,6,15.494
1935,7,15.786
1935,8,15.6
1935,9,14.992
1935,10,14.262
1935,11,12.893
1935,12,12.367
1936,1,11.99
1936,2,12.166
1936,3,12.803
1936,4,13.857
1936,5,14.844
1936,6,15.562
1936,7,15.912
1936,8,15.702
1936,9,15.102
1936,10,14.344
1936,11,13.21
1936,12,12.589
1937,1,12.239
1937,2,12.578
1937,3,12.967
1937,4,13.943
1937,5,14.973
1937,6,15.737
1937,7,16.009
1937,8,15.861
1937,9,15.35
1937,10,14.449
1937,11,13.363
1937,12,12.538
1938,1,12.378
1938,2,12.583
1938,3,13.198
1938,4,14.094
1938,5,14.918
1938,6,15.588
1938,7,15.919
1938,8,15.8
1938,9,15.275
1938,10,14.518
1938,11,13.351
1938,12,12.445
1939,1,12.263
1939,2,12.416
1939,3,12.913
1939,4,14.027
1939,5,15.088
1939,6,15.739
1939,7,15.946
1939,8,15.78
1939,9,15.193
1939,10,14.233
1939,11,13.225
1939,12,12.985
1940,1,12.364
1940,2,12.615
1940,3,13.194
1940,4,14.167
1940,5,15.052
1940,6,15.743
1940,7,16.117
1940,8,15.882
1940,9,15.304
1940,10,14.355
1940,11,13.23
1940,12,12.772
1941,1,12.289
1941,2,12.634
1941,3,13.056
1941,4,14.013
1941,5,15.033
1941,6,15.773
1941,7,16.111
1941,8,15.808
1941,9,15.026
1941,10,14.523
1941,11,13.26
1941,12,12.752
1942,1,12.641
1942,2,12.51
1942,3,13.196
1942,4,14.047
1942,5,15.09
1942,6,15.758
1942,7,15.964
1942,8,15.747
1942,9,15.158
1942,10,14.324
1942,11,13.294
1942,12,12.664
1943,1,12.252
1943,2,12.628
1943,3,13.071
1943,4,14.168
1943,5,15.098
1943,6,15.692
1943,7,16.07
1943,8,15.927
1943,9,15.254
1943,10,14.613
1943,11,13.441
1943,12,12.822
1944,1,12.679
1944,2,12.747
1944,3,13.372
1944,4,14.207
1944,5,15.183
1944,6,15.834
1944,7,16.169
1944,8,16.047
1944,9,15.419
1944,10,14.587
1944,11,13.354
1944,12,12.685
1945,1,12.402
1945,2,12.488
1945,3,13.198
1945,4,14.257
1945,5,15.028
1945,6,15.727
1945,7,15.981
1945,8,16.047
1945,9,15.335
1945,10,14.522
1945,11,13.29
1945,12,12.494
1946,1,12.35
1946,2,12.456
1946,3,13.146
1946,4,14.11
1946,5,14.952
1946,6,15.523
1946,7,15.916
1946,8,15.654
1946,9,15.102
1946,10,14.291
1946,11,13.213
1946,12,12.302
1947,1,12.297
1947,2,12.528
1947,3,13.242
1947,4,14.114
1947,5,14.96
1947,6,15.665
1947,7,15.942
1947,8,15.705
1947,9,15.12
1947,10,14.425
1947,11,13.351
1947,12,12.495
1948,1,12.372
1948,2,12.339
1948,3,12.896
1948,4,13.946
1948,5,15.061
1948,6,15.751
1948,7,15.883
1948,8,15.761
1948,9,15.077
1948,10,14.273
1948,11,13.09
1948,12,12.26
1949,1,12.38
1949,2,12.306
1949,3,13.035
1949,4,13.937
1949,5,14.931
1949,6,15.474
1949,7,15.815
1949,8,15.712
1949,9,15.067
1949,10,14.279
1949,11,13.149
1949,12,12.497
1950,1,12.062
1950,2,12.164
1950,3,12.999
1950,4,13.833
1950,5,14.943
1950,6,15.699
1950,7,15.965
1950,8,15.653
1950,9,15.038
1950,10,14.137
1950,11,12.946
1950,12,12.373
1951,1,11.963
1951,2,12.099
1951,3,12.971
1951,4,14.013
1951,5,15.136
1951,6,15.823
1951,7,16.046
1951,8,16.005
1951,9,15.328
1951,10,14.512
1951,11,13.293
1951,12,12.753
1952,1,12.479
1952,2,12.657
1952,3,13.045
1952,4,14.129
1952,5,15.078
1952,6,15.812
1952,7,16.106
1952,8,15.936
1952,9,15.354
1952,10,14.374
1952,11,13.189
1952,12,12.645
1953,1,12.385
1953,2,12.691
1953,3,13.21
1953,4,14.348
1953,5,15.264
1953,6,15.968
1953,7,16.118
1953,8,15.966
1953,9,15.347
1953,10,14.418
1953,11,13.274
1953,12,12.69
1954,1,12.084
1954,2,12.439
1954,3,13.022
1954,4,14.038
1954,5,14.99
1954,6,15.678
1954,7,15.871
1954,8,15.747
1954,9,15.162
1954,10,14.404
1954,11,13.447
1954,12,12.493
1955,1,12.504
1955,2,12.367
1955,3,12.846
1955,4,13.903
1955,5,14.83
1955,6,15.661
1955,7,15.885
1955,8,15.947
1955,9,15.072
1955,10,14.312
1955,11,13.039
1955,12,12.318
1956,1,12.22
1956,2,12.348
1956,3,12.89
1956,4,13.81
1956,5,14.747
1956,6,15.581
1956,7,15.883
1956,8,15.522
1956,9,15.012
1956,10,14.029
1956,11,13.112
1956,12,12.556
1957,1,12.171
1957,2,12.456
1957,3,13.019
1957,4,14.078
1957,5,15.142
1957,6,15.912
1957,7,15.961
1957,8,15.964
1957,9,15.312
1957,10,14.405
1957,11,13.34
1957,12,12.703
1958,1,12.647
1958,2,12.689
1958,3,13.225
1958,4,14.06
1958,5,15.082
1958,6,15.649
1958,7,15.971
1958,8,15.747
1958,9,15.123
1958,10,14.355
1958,11,13.336
1958,12,12.638
1959,1,12.4
1959,2,12.538
1959,3,13.249
1959,4,14.228
1959,5,15.111
1959,6,15.804
1959,7,16.019
1959,8,15.82
1959,9,15.131
1959,10,14.292
1959,11,13.149
1959,12,12.573
1960,1,12.283
1960,2,12.604
1960,3,12.774
1960,4,13.891
1960,5,14.952
1960,6,15.712
1960,7,15.938
1960,8,15.907
1960,9,15.3
1960,10,14.374
1960,11,13.115
1960,12,12.776
1961,1,12.347
1961,2,12.671
1961,3,13.153
1961,4,14.186
1961,5,15.183
1961,6,15.845
1961,7,16.003
1961,8,15.836
1961,9,15.272
1961,10,14.301
1961,11,13.304
1961,12,12.432
1962,1,12.351
1962,2,12.613
1962,3,13.239
1962,4,14.082
1962,5,14.895
1962,6,15.729
1962,7,15.917
1962,8,15.755
1962,9,15.144
1962,10,14.269
1962,11,13.286
1962,12,12.555
1963,1,12.29
1963,2,12.619
1963,3,12.887
1963,4,13.968
1963,5,14.922
1963,6,15.695
1963,7,16.056
1963,8,16.076
1963,9,15.413
1963,10,14.443
1963,11,13.388
1963,12,12.585
1964,1,12.206
1964,2,12.371
1964,3,12.815
1964,4,13.695
1964,5,14.732
1964,6,15.676
1964,7,15.895
1964,8,15.537
1964,9,14.891
1964,10,14.014
1964,11,13.024
1964,12,12.312
1965,1,12.254
1965,2,12.33
1965,3,12.931
1965,4,13.847
1965,5,14.932
1965,6,15.622
1965,7,15.835
1965,8,15.76
1965,9,15.033
1965,10,14.29
1965,11,13.215
1965,12,12.544
1966,1,12.135
1966,2,12.457
1966,3,13.052
1966,4,14.015
1966,5,14.914
1966,6,15.722
1966,7,16.087
1966,8,15.781
1966,9,15.238
1966,10,14.145
1966,11,13.249
1966,12,12.543
1967,1,12.199
1967,2,12.27
1967,3,13.155
1967,4,14.041
1967,5,15.222
1967,6,15.716
1967,7,16.015
1967,8,15.821
1967,9,15.199
1967,10,14.351
1967,11,13.178
1967,12,12.537
1968,1,12.089
1968,2,12.345
1968,3,13.219
1968,4,13.988
1968,5,14.891
1968,6,15.648
1968,7,15.807
1968,8,15.704
1968,9,15.01
1968,10,14.385
1968,11,13.195
1968,12,12.495
1969,1,12.251
1969,2,12.385
1969,3,13.074
1969,4,14.207
1969,5,15.243
1969,6,15.836
1969,7,15.905
1969,8,15.822
1969,9,15.269
1969,10,14.381
1969,11,13.356
1969,12,12.837
1970,1,12.432
1970,2,12.665
1970,3,13.135
1970,4,14.102
1970,5,15.015
1970,6,15.679
1970,7,15.958
1970,8,15.723
1970,9,15.32
1970,10,14.325
1970,11,13.21
1970,12,12.438
1971,1,12.234
1971,2,12.292
1971,3,12.878
1971,4,13.957
1971,5,14.942
1971,6,15.591
1971,7,15.882
1971,8,15.741
1971,9,15.185
1971,10,14.242
1971,11,13.19
1971,12,12.429
1972,1,12.028
1972,2,12.294
1972,3,13.105
1972,4,14.047
1972,5,15.065
1972,6,15.763
1972,7,15.958
1972,8,15.997
1972,9,15.252
1972,10,14.32
1972,11,13.275
1972,12,12.786
1973,1,12.537
1973,2,12.763
1973,3,13.303
1973,4,14.337
1973,5,15.276
1973,6,15.897
1973,7,16.046
1973,8,15.872
1973,9,15.267
1973,10,14.384
1973,11,13.301
1973,12,12.554
1974,1,12.135
1974,2,12.199
1974,3,12.988
1974,4,13.969
1974,5,14.986
1974,6,15.718
1974,7,15.944
1974,8,16.001
1974,9,15.193
1974,10,14.261
1974,11,13.204
1974,12,12.481
1975,1,12.343
1975,2,12.63
1975,3,13.257
1975,4,14.142
1975,5,15.22
1975,6,15.757
1975,7,15.944
1975,8,15.632
1975,9,15.199
1975,10,14.231
1975,11,13.059
1975,12,12.445
1976,1,12.254
1976,2,12.396
1976,3,12.876
1976,4,13.973
1976,5,14.757
1976,6,15.544
1976,7,15.931
1976,8,15.673
1976,9,15.202
1976,10,14.108
1976,11,13.253
1976,12,12.716
1977,1,12.606
1977,2,12.739
1977,3,13.302
1977,4,14.343
1977,5,15.403
1977,6,16.076
1977,7,16.217
1977,8,16.104
1977,9,15.319
1977,10,14.416
1977,11,13.468
1977,12,12.647
1978,1,12.429
1978,2,12.696
1978,3,13.305
1978,4,14.256
1978,5,15.19
1978,6,15.75
1978,7,16.081
1978,8,15.641
1978,9,15.349
1978,10,14.303
1978,11,13.436
1978,12,12.699
1979,1,12.47
1979,2,12.431
1979,3,13.301
1979,4,14.273
1979,5,15.091
1979,6,15.818
1979,7,16.02
1979,8,15.989
1979,9,15.507
1979,10,14.546
1979,11,13.543
1979,12,13.051
1980,1,12.668
1980,2,12.966
1980,3,13.48
1980,4,14.456
1980,5,15.399
1980,6,15.937
1980,7,16.293
1980,8,16.087
1980,9,15.432
1980,10,14.461
1980,11,13.543
1980,12,12.782
1981,1,12.865
1981,2,12.92
1981,3,13.56
1981,4,14.359
1981,5,15.29
1981,6,16.091
1981,7,16.368
1981,8,16.244
1981,9,15.448
1981,10,14.444
1981,11,13.479
1981,12,13.039
1982,1,12.42
1982,2,12.656
1982,3,13.098
1982,4,14.138
1982,5,15.207
1982,6,15.829
1982,7,16.123
1982,8,15.898
1982,9,15.368
1982,10,14.427
1982,11,13.373
1982,12,12.984
1983,1,12.777
1983,2,12.943
1983,3,13.477
1983,4,14.379
1983,5,15.396
1983,6,15.954
1983,7,16.157
1983,8,16.179
1983,9,15.638
1983,10,14.462
1983,11,13.54
1983,12,12.782
1984,1,12.577
1984,2,12.64
1984,3,13.398
1984,4,14.205
1984,5,15.396
1984,6,15.813
1984,7,16.035
1984,8,15.971
1984,9,15.449
1984,10,14.407
1984,11,13.263
1984,12,12.519
1985,1,12.576
1985,2,12.539
1985,3,13.286
1985,4,14.204
1985,5,15.222
1985,6,15.899
1985,7,15.97
1985,8,16.018
1985,9,15.378
1985,10,14.433
1985,11,13.346
1985,12,12.763
1986,1,12.529
1986,2,12.926
1986,3,13.372
1986,4,14.358
1986,5,15.294
1986,6,15.836
1986,7,16.09
1986,8,16.002
1986,9,15.326
1986,10,14.459
1986,11,13.362
1986,12,12.736
1987,1,12.637
1987,2,12.899
1987,3,13.332
1987,4,14.329
1987,5,15.333
1987,6,16.105
1987,7,16.425
1987,8,16.142
1987,9,15.58
1987,10,14.623
1987,11,13.485
1987,12,13.067
1988,1,12.849
1988,2,12.929
1988,3,13.576
1988,4,14.536
1988,5,15.467
1988,6,16.165
1988,7,16.318
1988,8,16.238
1988,9,15.621
1988,10,14.62
1988,11,13.338
1988,12,12.847
1989,1,12.365
1989,2,12.855
1989,3,13.411
1989,4,14.373
1989,5,15.139
1989,6,15.875
1989,7,16.316
1989,8,16.155
1989,9,15.579
1989,10,14.633
1989,11,13.42
1989,12,13.004
1990,1,12.711
1990,2,12.893
1990,3,13.85
1990,4,14.682
1990,5,15.563
1990,6,16.126
1990,7,16.452
1990,8,16.165
1990,9,15.543
1990,10,14.738
1990,11,13.67
1990,12,12.98
1991,1,12.733
1991,2,13.022
1991,3,13.493
1991,4,14.634
1991,5,15.458
1991,6,16.264
1991,7,16.501
1991,8,16.265
1991,9,15.68
1991,10,14.648
1991,11,13.577
1991,12,12.944
1992,1,12.791
1992,2,12.945
1992,3,13.575
1992,4,14.372
1992,5,15.355
1992,6,16.001
1992,7,16.109
1992,8,15.93
1992,9,15.197
1992,10,14.351
1992,11,13.284
1992,12,12.81
1993,1,12.693
1993,2,12.93
1993,3,13.492
1993,4,14.398
1993,5,15.365
1993,6,16.029
1993,7,16.265
1993,8,16.021
1993,9,15.431
1993,10,14.587
1993,11,13.395
1993,12,12.791
1994,1,12.594
1994,2,12.605
1994,3,13.48
1994,4,14.485
1994,5,15.372
1994,6,16.163
1994,7,16.274
1994,8,16.061
1994,9,15.571
1994,10,14.746
1994,11,13.701
1994,12,12.945
1995,1,12.82
1995,2,13.275
1995,3,13.587
1995,4,14.616
1995,5,15.398
1995,6,16.223
1995,7,16.524
1995,8,16.356
1995,9,15.637
1995,10,14.81
1995,11,13.741
1995,12,12.893
1996,1,12.623
1996,2,13.082
1996,3,13.556
1996,4,14.493
1996,5,15.34
1996,6,15.996
1996,7,16.351
1996,8,16.344
1996,9,15.52
1996,10,14.504
1996,11,13.7
1996,12,13.03
1997,1,12.66
1997,2,12.925
1997,3,13.664
1997,4,14.531
1997,5,15.458
1997,6,16.339
1997,7,16.388
1997,8,16.275
1997,9,15.799
1997,10,14.995
1997,11,13.98
1997,12,13.212
1998,1,12.945
1998,2,13.385
1998,3,13.791
1998,4,14.844
1998,5,15.783
1998,6,16.51
1998,7,16.71
1998,8,16.573
1998,9,15.731
1998,10,14.786
1998,11,13.76
1998,12,13.21
1999,1,12.796
1999,2,13.19
1999,3,13.496
1999,4,14.448
1999,5,15.364
1999,6,16.16
1999,7,16.381
1999,8,16.186
1999,9,15.697
1999,10,14.694
1999,11,13.668
1999,12,13.039
2000,1,12.624
2000,2,13.096
2000,3,13.678
2000,4,14.674
2000,5,15.43
2000,6,16.166
2000,7,16.375
2000,8,16.303
2000,9,15.689
2000,10,14.576
2000,11,13.615
2000,12,12.904
2001,1,12.806
2001,2,12.999
2001,3,13.718
2001,4,14.647
2001,5,15.618
2001,6,16.284
2001,7,16.562
2001,8,16.305
2001,9,15.783
2001,10,14.804
2001,11,13.988
2001,12,13.226
2002,1,13.063
2002,2,13.227
2002,3,14.049
2002,4,14.721
2002,5,15.707
2002,6,16.29
2002,7,16.589
2002,8,16.389
2002,9,15.917
2002,10,14.912
2002,11,13.861
2002,12,13.126
2003,1,13.095
2003,2,13.112
2003,3,13.703
2003,4,14.67
2003,5,15.679
2003,6,16.216
2003,7,16.549
2003,8,16.482
2003,9,15.92
2003,10,15.044
2003,11,13.815
2003,12,13.344
2004,1,12.94
2004,2,13.233
2004,3,13.748
2004,4,14.735
2004,5,15.443
2004,6,16.16
2004,7,16.24
2004,8,16.292
2004,9,15.781
2004,10,14.931
2004,11,13.979
2004,12,13.104
2005,1,13.082
2005,2,13.183
2005,3,13.894
2005,4,14.798
2005,5,15.716
2005,6,16.418
2005,7,16.597
2005,8,16.462
2005,9,15.978
2005,10,15.121
2005,11,14.004
2005,12,13.322
2006,1,12.934
2006,2,13.328
2006,3,13.809
2006,4,14.648
2006,5,15.573
2006,6,16.397
2006,7,16.46
2006,8,16.562
2006,9,15.876
2006,10,15.005
2006,11,13.984
2006,12,13.393
2007,1,13.281
2007,2,13.268
2007,3,13.807
2007,4,14.908
2007,5,15.729
2007,6,16.337
2007,7,16.631
2007,8,16.458
2007,9,15.84
2007,10,14.937
2007,11,13.873
2007,12,13.068
2008,1,12.6
2008,2,12.867
2008,3,13.797
2008,4,14.635
2008,5,15.583
2008,6,16.235
2008,7,16.566
2008,8,16.308
2008,9,15.914
2008,10,15.013
2008,11,13.95
2008,12,13.148
2009,1,13.003
2009,2,13.092
2009,3,13.633
2009,4,14.689
2009,5,15.682
2009,6,16.418
2009,7,16.773
2009,8,16.564
2009,9,15.975
2009,10,15.021
2009,11,14.064
2009,12,13.334
2010,1,13.119
2010,2,13.411
2010,3,14.042
2010,4,15.017
2010,5,15.827
2010,6,16.414
2010,7,16.596
2010,8,16.515
2010,9,15.912
2010,10,15.045
2010,11,14.056
2010,12,13.121
2011,1,12.9
2011,2,13.073
2011,3,13.81
2011,4,14.752
2011,5,15.599
2011,6,16.398
2011,7,16.769
2011,8,16.631
2011,9,15.827
2011,10,14.968
2011,11,13.842
2011,12,13.191
2012,1,12.768
2012,2,13.027
2012,3,13.631
2012,4,14.807
2012,5,15.832
2012,6,16.416
2012,7,16.553
2012,8,16.563
2012,9,16.008
2012,10,15.148
2012,11,14.086
2012,12,13.16
2013,1,13.028
2013,2,13.108
2013,3,13.791
2013,4,14.671
2013,5,15.687
2013,6,16.398
2013,7,16.571
2013,8,16.543
2013,9,16.022
2013,10,14.999
2013,11,14.116
2013,12,13.288
2014,1,13.077
2014,2,13.08
2014,3,13.892
2014,4,14.89
2014,5,15.909
2014,6,16.399
2014,7,16.567
2014,8,16.705
2014,9,16.137
2014,10,15.15
2014,11,13.909
2014,12,13.364
2015,1,13.149
2015,2,13.39
2015,3,14.017
2015,4,14.89
2015,5,15.873
2015,6,16.543
2015,7,16.72
2015,8,16.683
2015,9,16.116
2015,10,15.387
2015,11,14.3
2015,12,13.736
2016,1,13.537
2016,2,13.826
2016,3,14.43
2016,4,15.208
2016,5,16.057
2016,6,16.551
2016,7,16.823
2016,8,16.852
2016,9,16.147
2016,10,15.255
2016,11,14.237
2016,12,13.522
2017,1,13.377
2017,2,13.672
2017,3,14.324
2017,4,15.074
2017,5,15.992
2017,6,16.444
2017,7,16.798
2017,8,16.713
2017,9,16.007
2017,10,15.217
2017,11,14.132
2017,12,13.544
2018,1,13.163
2018,2,13.416
2018,3,14.031
2018,4,15.017
2018,5,15.855
2018,6,16.518
2018,7,16.794
2018,8,16.641
2018,9,16.03
2018,10,15.302
2018,11,14.095
2018,12,13.524
2019,1,13.236
2019,2,13.48
2019,3,14.321
2019,4,15.141
2019,5,15.934
2019,6,16.597
2019,7,16.933
2019,8,16.811
2019,9,16.167
2019,10,15.403
2019,11,14.281
2019,12,13.703
2020,1,13.482
2020,2,13.716
2020,3,14.279
2020,4,15.256
2020,5,16.048
2020,6,16.632
2020,7,16.913
2020,8,16.766
2020,9,16.229
2020,10,15.22
2020,11,14.361
2020,12,13.409
2021,1,13.176
2021,2,13.191
2021,3,13.972
2021,4,14.91
2021,5,15.873
2021,6,16.556
2021,7,16.892
2021,8,16.716
2021,9,16.211
2021,10,15.35
2021,11,14.205
2021,12,13.435
2022,1,13.227
2022,2,13.377
2022,3,14.181
2022,4,14.962
2022,5,15.898
2022,6,16.681
2022,7,16.911
2022,8,16.791
2022,9,16.13
2022,10,15.358
